watches,prices,actual_prices,off in %,time
Daniel Jubile Fancy Men Analog Watches,74,82,10,2024-03-18 00:03:05.677729
Unique Beard Wash,169,196,14,2024-03-18 00:03:05.677729
Attractive Men Analog Watches,132,155,15,2024-03-18 00:03:05.677729
Attractive Men Analog Watches,156,174,10,2024-03-18 00:03:05.677729
LIMESTONE Alluring Men Analog Watches,285,332,14,2024-03-18 00:03:05.677729
New Beard Wash,203,21,35,2024-03-18 00:03:05.678728
Fashionable Unique Men Sunglasses,337,35,45,2024-03-18 00:03:05.678728
Stylish Men Analog Watches,233,25,79,2024-03-18 00:03:05.678728
Ravishing Men Analog Watches,253,26,44,2024-03-18 00:03:05.678728
VITRACOS Everyday Face Wash for Men,160,16,74,2024-03-18 00:03:05.678728
Fashionate Men Analog Watches,142,15,37,2024-03-18 00:03:05.678728
Stylish Men Analog Watches,78,92,15,2024-03-18 00:03:05.678728
Fabulous Men Analog Watches,281,329,15,2024-03-18 00:03:05.678728
VITRACOS Fancy Face Wash for Men,160,16,74,2024-03-18 00:03:05.678728
Colorful Men Analog Watches,79,8,79,2024-03-18 00:03:05.678728
Jovees Classy Face Wash for Men,158,215,27,2024-03-18 00:03:05.678728
CAVIOR Classy Men Watches,278,338,18,2024-03-18 00:03:05.678728
Stylish Trendy Men Trousers,454,47,75,2024-03-18 00:03:05.678728
LIMESTONE Fancy Men Analog Watches,296,345,14,2024-03-18 00:03:05.678728
